name,description,categories,ingredients,steps
Slow-Simmered Layered Omelet Creation with Fragrant Notes,"This dish is inspired by traditional flavors but with a modern twist, featuring a blend of aromatic textures and rich, layered flavors. It brings together traditional comfort food elements with subtle gourmet influences.",High-protein; Dinner,rigatoni pasta: 2 pieces; salmon fillet: 100g; fresh basil: 100g; chicken breast: 1 tbsp; chicken breast: ½ cup; russet potatoes: 1 piece,"Wash and prepare all vegetables, cutting them into even-sized pieces for consistent cooking.; Heat a large pan over medium heat and drizzle with olive oil.; Add the aromatics (such as onion and garlic) and sauté until fragrant and translucent.; Incorporate the main ingredients and gently stir to combine everything well.; Add seasoning, herbs, and optional spices, adjusting the flavors to suit your taste.; Let the dish simmer or bake until all ingredients are tender and fully cooked.; Finish with fresh herbs, a squeeze of lemon, or a drizzle of sauce before serving."
Fire-Roasted Layered Omelet Creation with Aromatic Notes,"This dish is great for sharing with friends or family gatherings, featuring a blend of zesty textures and rich, layered flavors. It brings together traditional comfort food elements with subtle gourmet influences.",Snack,salmon fillet: 1 cup; pork loin: 1 cup; zucchini: 100g; aged cheddar: 200g; tomato: 1 cup,"Wash and prepare all vegetables, cutting them into even-sized pieces for consistent cooking.; Heat a large pan over medium heat and drizzle with olive oil.; Add the aromatics (such as onion and garlic) and sauté until fragrant and translucent.; Incorporate the main ingredients and gently stir to combine everything well.; Add seasoning, herbs, and optional spices, adjusting the flavors to suit your taste.; Let the dish simmer or bake until all ingredients are tender and fully cooked.; Finish with fresh herbs, a squeeze of lemon, or a drizzle of sauce before serving."
Zesty Autumn Root Veg Gratin with Oven-Baked Notes,"This dish is slow-cooked to bring out deep, rich flavors, featuring a blend of fragrant textures and rich, layered flavors. It brings together traditional comfort food elements with subtle gourmet influences.",Gluten-free,ground beef: 1 tbsp; brown rice: 1 tbsp; black beans: 100g; russet potatoes: 2 tbsp; tomato: 1 cup; yellow onion: 150g; yellow onion: 100g,"Wash and prepare all vegetables, cutting them into even-sized pieces for consistent cooking.; Heat a large pan over medium heat and drizzle with olive oil.; Add the aromatics (such as onion and garlic) and sauté until fragrant and translucent.; Incorporate the main ingredients and gently stir to combine everything well.; Add seasoning, herbs, and optional spices, adjusting the flavors to suit your taste.; Let the dish simmer or bake until all ingredients are tender and fully cooked."
Golden Wild Mushroom Risotto with Fire-Roasted Notes,"This dish is a wholesome dish that leaves you satisfied without feeling heavy, featuring a blend of homestyle textures and rich, layered flavors. It brings together traditional comfort food elements with subtle gourmet influences.",Snack,ground beef: ½ cup; ground beef: 150g; red pepper: 2 tbsp; pork loin: 2 tbsp; russet potatoes: 1 piece; mushrooms: 1 piece,"Wash and prepare all vegetables, cutting them into even-sized pieces for consistent cooking.; Heat a large pan over medium heat and drizzle with olive oil.; Add the aromatics (such as onion and garlic) and sauté until fragrant and translucent.; Incorporate the main ingredients and gently stir to combine everything well.; Add seasoning, herbs, and optional spices, adjusting the flavors to suit your taste.; Let the dish simmer or bake until all ingredients are tender and fully cooked.; Finish with fresh herbs, a squeeze of lemon, or a drizzle of sauce before serving.; Serve warm and enjoy as a standalone meal or alongside a simple side dish."
Creamy Slow-Cooked Chili Bowl with Garden-Fresh Notes,"This dish is slow-cooked to bring out deep, rich flavors, featuring a blend of creamy textures and rich, layered flavors. It brings together traditional comfort food elements with subtle gourmet influences.",High-protein,black beans: 150g; zucchini: 2 pieces; chicken breast: ½ cup; ground beef: 2 pieces; sweet corn: 150g,"Wash and prepare all vegetables, cutting them into even-sized pieces for consistent cooking.; Heat a large pan over medium heat and drizzle with olive oil.; Add the aromatics (such as onion and garlic) and sauté until fragrant and translucent.; Incorporate the main ingredients and gently stir to combine everything well.; Add seasoning, herbs, and optional spices, adjusting the flavors to suit your taste.; Let the dish simmer or bake until all ingredients are tender and fully cooked.; Finish with fresh herbs, a squeeze of lemon, or a drizzle of sauce before serving.; Serve warm and enjoy as a standalone meal or alongside a simple side dish."
Crispy Wood-Fired Pizza with Oven-Baked Notes,"This dish is inspired by traditional flavors but with a modern twist, featuring a blend of aromatic textures and rich, layered flavors. It brings together traditional comfort food elements with subtle gourmet influences.",Dinner; Lunch; Gluten-free,brown rice: 150g; red pepper: 200g; aged cheddar: 100g; brown rice: 1 cup; fresh basil: 2 tbsp,"Wash and prepare all vegetables, cutting them into even-sized pieces for consistent cooking.; Heat a large pan over medium heat and drizzle with olive oil.; Add the aromatics (such as onion and garlic) and sauté until fragrant and translucent.; Incorporate the main ingredients and gently stir to combine everything well.; Add seasoning, herbs, and optional spices, adjusting the flavors to suit your taste.; Let the dish simmer or bake until all ingredients are tender and fully cooked.; Finish with fresh herbs, a squeeze of lemon, or a drizzle of sauce before serving."
Velvety Nourish-Me Superfood Bowl with Aromatic Notes,"This dish is balanced with fresh herbs and aromatic spices, featuring a blend of zesty textures and rich, layered flavors. It brings together traditional comfort food elements with subtle gourmet influences.",Dinner; Dessert,ground beef: 100g; yellow onion: 1 tbsp; russet potatoes: 100g; carrots: 1 cup; lentils: 100g; rigatoni pasta: 200g; chicken breast: 200g,"Wash and prepare all vegetables, cutting them into even-sized pieces for consistent cooking.; Heat a large pan over medium heat and drizzle with olive oil.; Add the aromatics (such as onion and garlic) and sauté until fragrant and translucent.; Incorporate the main ingredients and gently stir to combine everything well.; Add seasoning, herbs, and optional spices, adjusting the flavors to suit your taste.; Let the dish simmer or bake until all ingredients are tender and fully cooked.; Finish with fresh herbs, a squeeze of lemon, or a drizzle of sauce before serving.; Serve warm and enjoy as a standalone meal or alongside a simple side dish."
Caramelized Seaside Paella with Golden Notes,"This dish is ideal for meal-prepping or quick lunches throughout the week, featuring a blend of crispy textures and rich, layered flavors. It brings together traditional comfort food elements with subtle gourmet influences.",Dessert,aged cheddar: 2 pieces; mushrooms: ½ cup; yellow onion: 2 tbsp; zucchini: 1 cup; salmon fillet: 1 cup,"Wash and prepare all vegetables, cutting them into even-sized pieces for consistent cooking.; Heat a large pan over medium heat and drizzle with olive oil.; Add the aromatics (such as onion and garlic) and sauté until fragrant and translucent.; Incorporate the main ingredients and gently stir to combine everything well.; Add seasoning, herbs, and optional spices, adjusting the flavors to suit your taste.; Let the dish simmer or bake until all ingredients are tender and fully cooked.; Finish with fresh herbs, a squeeze of lemon, or a drizzle of sauce before serving.; Serve warm and enjoy as a standalone meal or alongside a simple side dish."
Crispy Seaside Paella with Golden Notes,"This dish is great for sharing with friends or family gatherings, featuring a blend of golden textures and rich, layered flavors. It brings together traditional comfort food elements with subtle gourmet influences.",Lunch,lentils: ½ cup; spinach leaves: 200g; carrots: 200g; sweet corn: 1 piece; russet potatoes: 150g; red pepper: ½ cup,"Wash and prepare all vegetables, cutting them into even-sized pieces for consistent cooking.; Heat a large pan over medium heat and drizzle with olive oil.; Add the aromatics (such as onion and garlic) and sauté until fragrant and translucent.; Incorporate the main ingredients and gently stir to combine everything well.; Add seasoning, herbs, and optional spices, adjusting the flavors to suit your taste.; Let the dish simmer or bake until all ingredients are tender and fully cooked.; Finish with fresh herbs, a squeeze of lemon, or a drizzle of sauce before serving."
Hearty Street-Style Tacos with Fire-Roasted Notes,"This dish is balanced with fresh herbs and aromatic spices, featuring a blend of fragrant textures and rich, layered flavors. It brings together traditional comfort food elements with subtle gourmet influences.",Snack; Dessert; Vegetarian,sweet corn: 100g; aged cheddar: 1 piece; lentils: 2 pieces; sweet corn: 200g; black beans: 2 tbsp; tomato: 200g; mushrooms: 200g,"Wash and prepare all vegetables, cutting them into even-sized pieces for consistent cooking.; Heat a large pan over medium heat and drizzle with olive oil.; Add the aromatics (such as onion and garlic) and sauté until fragrant and translucent.; Incorporate the main ingredients and gently stir to combine everything well.; Add seasoning, herbs, and optional spices, adjusting the flavors to suit your taste.; Let the dish simmer or bake until all ingredients are tender and fully cooked."
Caramelized Street-Style Tacos with Hearty Notes,"This dish is slow-cooked to bring out deep, rich flavors, featuring a blend of pan-seared textures and rich, layered flavors. It brings together traditional comfort food elements with subtle gourmet influences.",Dessert; Vegan; Lunch,tomato: 150g; chicken breast: 100g; garlic cloves: 2 pieces; spinach leaves: 100g; spinach leaves: 2 tbsp; brown rice: 150g; russet potatoes: 2 pieces,"Wash and prepare all vegetables, cutting them into even-sized pieces for consistent cooking.; Heat a large pan over medium heat and drizzle with olive oil.; Add the aromatics (such as onion and garlic) and sauté until fragrant and translucent.; Incorporate the main ingredients and gently stir to combine everything well.; Add seasoning, herbs, and optional spices, adjusting the flavors to suit your taste.; Let the dish simmer or bake until all ingredients are tender and fully cooked.; Finish with fresh herbs, a squeeze of lemon, or a drizzle of sauce before serving."
Pan-Seared Seaside Paella with Fragrant Notes,"This dish is ideal for meal-prepping or quick lunches throughout the week, featuring a blend of pan-seared textures and rich, layered flavors. It brings together traditional comfort food elements with subtle gourmet influences.",Low-carb; Vegetarian; Breakfast,yellow onion: 2 pieces; zucchini: 1 tbsp; zucchini: 100g; russet potatoes: 200g; carrots: 150g; aged cheddar: 1 tbsp; mushrooms: 200g,"Wash and prepare all vegetables, cutting them into even-sized pieces for consistent cooking.; Heat a large pan over medium heat and drizzle with olive oil.; Add the aromatics (such as onion and garlic) and sauté until fragrant and translucent.; Incorporate the main ingredients and gently stir to combine everything well.; Add seasoning, herbs, and optional spices, adjusting the flavors to suit your taste.; Let the dish simmer or bake until all ingredients are tender and fully cooked.; Finish with fresh herbs, a squeeze of lemon, or a drizzle of sauce before serving.; Serve warm and enjoy as a standalone meal or alongside a simple side dish."
Zesty Family Casserole Feast with Caramelized Notes,"This dish is balanced with fresh herbs and aromatic spices, featuring a blend of crispy textures and rich, layered flavors. It brings together traditional comfort food elements with subtle gourmet influences.",Vegetarian,chicken breast: 2 tbsp; brown rice: 100g; sweet corn: 150g; fresh basil: 1 cup; red pepper: 150g; ground beef: 100g; carrots: 200g,"Wash and prepare all vegetables, cutting them into even-sized pieces for consistent cooking.; Heat a large pan over medium heat and drizzle with olive oil.; Add the aromatics (such as onion and garlic) and sauté until fragrant and translucent.; Incorporate the main ingredients and gently stir to combine everything well.; Add seasoning, herbs, and optional spices, adjusting the flavors to suit your taste.; Let the dish simmer or bake until all ingredients are tender and fully cooked.; Finish with fresh herbs, a squeeze of lemon, or a drizzle of sauce before serving."
Homestyle Heritage Grain Burger with Aromatic Notes,"This dish is ideal for meal-prepping or quick lunches throughout the week, featuring a blend of aromatic textures and rich, layered flavors. It brings together traditional comfort food elements with subtle gourmet influences.",Snack; High-protein; Lunch,carrots: 1 piece; red pepper: 2 pieces; russet potatoes: 2 tbsp; ground beef: 200g; salmon fillet: 100g; sweet corn: 2 tbsp,"Wash and prepare all vegetables, cutting them into even-sized pieces for consistent cooking.; Heat a large pan over medium heat and drizzle with olive oil.; Add the aromatics (such as onion and garlic) and sauté until fragrant and translucent.; Incorporate the main ingredients and gently stir to combine everything well.; Add seasoning, herbs, and optional spices, adjusting the flavors to suit your taste.; Let the dish simmer or bake until all ingredients are tender and fully cooked."
Creamy Ginger Stir-Fry Fusion with Caramelized Notes,"This dish is ideal for meal-prepping or quick lunches throughout the week, featuring a blend of slow-simmered textures and rich, layered flavors. It brings together traditional comfort food elements with subtle gourmet influences.",Vegetarian; High-protein,rigatoni pasta: 2 pieces; black beans: 100g; zucchini: 1 cup; black beans: 1 tbsp; brown rice: ½ cup,"Wash and prepare all vegetables, cutting them into even-sized pieces for consistent cooking.; Heat a large pan over medium heat and drizzle with olive oil.; Add the aromatics (such as onion and garlic) and sauté until fragrant and translucent.; Incorporate the main ingredients and gently stir to combine everything well.; Add seasoning, herbs, and optional spices, adjusting the flavors to suit your taste.; Let the dish simmer or bake until all ingredients are tender and fully cooked."
Hearty Soba Noodle Harmony with Homestyle Notes,"This dish is great for sharing with friends or family gatherings, featuring a blend of caramelized textures and rich, layered flavors. It brings together traditional comfort food elements with subtle gourmet influences.",Gluten-free; Vegan; Snack,fresh basil: 100g; black beans: 1 piece; tomato: 100g; carrots: 1 piece; garlic cloves: 1 tbsp; rigatoni pasta: 1 tbsp,"Wash and prepare all vegetables, cutting them into even-sized pieces for consistent cooking.; Heat a large pan over medium heat and drizzle with olive oil.; Add the aromatics (such as onion and garlic) and sauté until fragrant and translucent.; Incorporate the main ingredients and gently stir to combine everything well.; Add seasoning, herbs, and optional spices, adjusting the flavors to suit your taste.; Let the dish simmer or bake until all ingredients are tender and fully cooked."
Slow-Simmered Street-Style Tacos with Crispy Notes,"This dish is balanced with fresh herbs and aromatic spices, featuring a blend of caramelized textures and rich, layered flavors. It brings together traditional comfort food elements with subtle gourmet influences.",Gluten-free; Lunch,spinach leaves: 200g; salmon fillet: ½ cup; tomato: 1 tbsp; brown rice: 2 pieces; lentils: 200g,"Wash and prepare all vegetables, cutting them into even-sized pieces for consistent cooking.; Heat a large pan over medium heat and drizzle with olive oil.; Add the aromatics (such as onion and garlic) and sauté until fragrant and translucent.; Incorporate the main ingredients and gently stir to combine everything well.; Add seasoning, herbs, and optional spices, adjusting the flavors to suit your taste.; Let the dish simmer or bake until all ingredients are tender and fully cooked.; Finish with fresh herbs, a squeeze of lemon, or a drizzle of sauce before serving."
Fragrant Family Casserole Feast with Aromatic Notes,"This dish is a wholesome dish that leaves you satisfied without feeling heavy, featuring a blend of creamy textures and rich, layered flavors. It brings together traditional comfort food elements with subtle gourmet influences.",Lunch; Low-carb; Vegan,brown rice: 1 piece; ground beef: 2 pieces; chicken breast: 1 piece; lentils: 2 pieces; carrots: 1 tbsp; rigatoni pasta: 2 pieces; spinach leaves: 1 cup,"Wash and prepare all vegetables, cutting them into even-sized pieces for consistent cooking.; Heat a large pan over medium heat and drizzle with olive oil.; Add the aromatics (such as onion and garlic) and sauté until fragrant and translucent.; Incorporate the main ingredients and gently stir to combine everything well.; Add seasoning, herbs, and optional spices, adjusting the flavors to suit your taste.; Let the dish simmer or bake until all ingredients are tender and fully cooked.; Finish with fresh herbs, a squeeze of lemon, or a drizzle of sauce before serving.; Serve warm and enjoy as a standalone meal or alongside a simple side dish."
Hearty Wood-Fired Pizza with Fire-Roasted Notes,"This dish is a wholesome dish that leaves you satisfied without feeling heavy, featuring a blend of fire-roasted textures and rich, layered flavors. It brings together traditional comfort food elements with subtle gourmet influences.",Low-carb; Dinner,tomato: 1 cup; chicken breast: 150g; ground beef: 200g; spinach leaves: 1 piece; tomato: ½ cup; salmon fillet: 100g; ground beef: 2 tbsp,"Wash and prepare all vegetables, cutting them into even-sized pieces for consistent cooking.; Heat a large pan over medium heat and drizzle with olive oil.; Add the aromatics (such as onion and garlic) and sauté until fragrant and translucent.; Incorporate the main ingredients and gently stir to combine everything well.; Add seasoning, herbs, and optional spices, adjusting the flavors to suit your taste.; Let the dish simmer or bake until all ingredients are tender and fully cooked."
Caramelized Autumn Root Veg Gratin with Hearty Notes,"This dish is slow-cooked to bring out deep, rich flavors, featuring a blend of caramelized textures and rich, layered flavors. It brings together traditional comfort food elements with subtle gourmet influences.",Breakfast; Gluten-free,mushrooms: 100g; red pepper: ½ cup; brown rice: 1 tbsp; yellow onion: 1 tbsp; zucchini: 2 tbsp,"Wash and prepare all vegetables, cutting them into even-sized pieces for consistent cooking.; Heat a large pan over medium heat and drizzle with olive oil.; Add the aromatics (such as onion and garlic) and sauté until fragrant and translucent.; Incorporate the main ingredients and gently stir to combine everything well.; Add seasoning, herbs, and optional spices, adjusting the flavors to suit your taste.; Let the dish simmer or bake until all ingredients are tender and fully cooked.; Finish with fresh herbs, a squeeze of lemon, or a drizzle of sauce before serving."
Fragrant Ginger Stir-Fry Fusion with Crispy Notes,"This dish is great for sharing with friends or family gatherings, featuring a blend of oven-baked textures and rich, layered flavors. It brings together traditional comfort food elements with subtle gourmet influences.",Dessert,black beans: ½ cup; aged cheddar: 1 piece; ground beef: 1 cup; red pepper: 1 tbsp; mushrooms: ½ cup; brown rice: 1 cup; carrots: 1 piece,"Wash and prepare all vegetables, cutting them into even-sized pieces for consistent cooking.; Heat a large pan over medium heat and drizzle with olive oil.; Add the aromatics (such as onion and garlic) and sauté until fragrant and translucent.; Incorporate the main ingredients and gently stir to combine everything well.; Add seasoning, herbs, and optional spices, adjusting the flavors to suit your taste.; Let the dish simmer or bake until all ingredients are tender and fully cooked.; Finish with fresh herbs, a squeeze of lemon, or a drizzle of sauce before serving.; Serve warm and enjoy as a standalone meal or alongside a simple side dish."
Creamy Ginger Stir-Fry Fusion with Homestyle Notes,"This dish is slow-cooked to bring out deep, rich flavors, featuring a blend of caramelized textures and rich, layered flavors. It brings together traditional comfort food elements with subtle gourmet influences.",Low-carb; Vegan,red pepper: 100g; pork loin: ½ cup; tomato: 100g; chicken breast: 1 cup; salmon fillet: 200g,"Wash and prepare all vegetables, cutting them into even-sized pieces for consistent cooking.; Heat a large pan over medium heat and drizzle with olive oil.; Add the aromatics (such as onion and garlic) and sauté until fragrant and translucent.; Incorporate the main ingredients and gently stir to combine everything well.; Add seasoning, herbs, and optional spices, adjusting the flavors to suit your taste.; Let the dish simmer or bake until all ingredients are tender and fully cooked."
Garden-Fresh Wood-Fired Pizza with Slow-Simmered Notes,"This dish is balanced with fresh herbs and aromatic spices, featuring a blend of golden textures and rich, layered flavors. It brings together traditional comfort food elements with subtle gourmet influences.",Breakfast,salmon fillet: 2 tbsp; ground beef: 100g; salmon fillet: 1 cup; black beans: ½ cup; salmon fillet: 100g; zucchini: 100g,"Wash and prepare all vegetables, cutting them into even-sized pieces for consistent cooking.; Heat a large pan over medium heat and drizzle with olive oil.; Add the aromatics (such as onion and garlic) and sauté until fragrant and translucent.; Incorporate the main ingredients and gently stir to combine everything well.; Add seasoning, herbs, and optional spices, adjusting the flavors to suit your taste.; Let the dish simmer or bake until all ingredients are tender and fully cooked.; Finish with fresh herbs, a squeeze of lemon, or a drizzle of sauce before serving.; Serve warm and enjoy as a standalone meal or alongside a simple side dish."
Aromatic Mediterranean Wrap Platter with Aromatic Notes,"This dish is packed with seasonal ingredients that bring warmth and comfort, featuring a blend of caramelized textures and rich, layered flavors. It brings together traditional comfort food elements with subtle gourmet influences.",Low-carb,fresh basil: 2 tbsp; zucchini: 1 tbsp; rigatoni pasta: ½ cup; zucchini: 2 tbsp; pork loin: 1 tbsp; carrots: 1 tbsp; yellow onion: 1 tbsp,"Wash and prepare all vegetables, cutting them into even-sized pieces for consistent cooking.; Heat a large pan over medium heat and drizzle with olive oil.; Add the aromatics (such as onion and garlic) and sauté until fragrant and translucent.; Incorporate the main ingredients and gently stir to combine everything well.; Add seasoning, herbs, and optional spices, adjusting the flavors to suit your taste.; Let the dish simmer or bake until all ingredients are tender and fully cooked.; Finish with fresh herbs, a squeeze of lemon, or a drizzle of sauce before serving.; Serve warm and enjoy as a standalone meal or alongside a simple side dish."
Zesty Soba Noodle Harmony with Homestyle Notes,"This dish is perfect for busy evenings when you want something flavorful but easy to prepare, featuring a blend of garden-fresh textures and rich, layered flavors. It brings together traditional comfort food elements with subtle gourmet influences.",Low-carb; Dinner; Gluten-free,chicken breast: 2 pieces; lentils: 150g; chicken breast: 150g; garlic cloves: 2 tbsp; yellow onion: 1 cup; fresh basil: 2 pieces; pork loin: 1 tbsp,"Wash and prepare all vegetables, cutting them into even-sized pieces for consistent cooking.; Heat a large pan over medium heat and drizzle with olive oil.; Add the aromatics (such as onion and garlic) and sauté until fragrant and translucent.; Incorporate the main ingredients and gently stir to combine everything well.; Add seasoning, herbs, and optional spices, adjusting the flavors to suit your taste.; Let the dish simmer or bake until all ingredients are tender and fully cooked.; Finish with fresh herbs, a squeeze of lemon, or a drizzle of sauce before serving.; Serve warm and enjoy as a standalone meal or alongside a simple side dish."
Hearty Soba Noodle Harmony with Homestyle Notes,"This dish is packed with seasonal ingredients that bring warmth and comfort, featuring a blend of pan-seared textures and rich, layered flavors. It brings together traditional comfort food elements with subtle gourmet influences.",Vegan; High-protein; Breakfast,spinach leaves: 1 tbsp; black beans: ½ cup; garlic cloves: 2 tbsp; red pepper: 1 cup; yellow onion: 200g; red pepper: 1 piece; sweet corn: 1 cup,"Wash and prepare all vegetables, cutting them into even-sized pieces for consistent cooking.; Heat a large pan over medium heat and drizzle with olive oil.; Add the aromatics (such as onion and garlic) and sauté until fragrant and translucent.; Incorporate the main ingredients and gently stir to combine everything well.; Add seasoning, herbs, and optional spices, adjusting the flavors to suit your taste.; Let the dish simmer or bake until all ingredients are tender and fully cooked."
Garden-Fresh Garden Salad Bowl with Oven-Baked Notes,"This dish is packed with seasonal ingredients that bring warmth and comfort, featuring a blend of velvety textures and rich, layered flavors. It brings together traditional comfort food elements with subtle gourmet influences.",Gluten-free,fresh basil: 1 tbsp; aged cheddar: 150g; pork loin: ½ cup; yellow onion: 100g; red pepper: 2 tbsp,"Wash and prepare all vegetables, cutting them into even-sized pieces for consistent cooking.; Heat a large pan over medium heat and drizzle with olive oil.; Add the aromatics (such as onion and garlic) and sauté until fragrant and translucent.; Incorporate the main ingredients and gently stir to combine everything well.; Add seasoning, herbs, and optional spices, adjusting the flavors to suit your taste.; Let the dish simmer or bake until all ingredients are tender and fully cooked."
Garden-Fresh Street-Style Tacos with Creamy Notes,"This dish is balanced with fresh herbs and aromatic spices, featuring a blend of crispy textures and rich, layered flavors. It brings together traditional comfort food elements with subtle gourmet influences.",Snack; Dessert,pork loin: 1 cup; russet potatoes: 2 tbsp; russet potatoes: 1 cup; pork loin: 150g; mushrooms: 1 piece,"Wash and prepare all vegetables, cutting them into even-sized pieces for consistent cooking.; Heat a large pan over medium heat and drizzle with olive oil.; Add the aromatics (such as onion and garlic) and sauté until fragrant and translucent.; Incorporate the main ingredients and gently stir to combine everything well.; Add seasoning, herbs, and optional spices, adjusting the flavors to suit your taste.; Let the dish simmer or bake until all ingredients are tender and fully cooked."
Crispy Savory Brunch Quiche with Oven-Baked Notes,"This dish is perfect for busy evenings when you want something flavorful but easy to prepare, featuring a blend of creamy textures and rich, layered flavors. It brings together traditional comfort food elements with subtle gourmet influences.",Snack,lentils: 100g; zucchini: 1 piece; carrots: 100g; sweet corn: 1 piece; fresh basil: 200g; brown rice: 2 pieces,"Wash and prepare all vegetables, cutting them into even-sized pieces for consistent cooking.; Heat a large pan over medium heat and drizzle with olive oil.; Add the aromatics (such as onion and garlic) and sauté until fragrant and translucent.; Incorporate the main ingredients and gently stir to combine everything well.; Add seasoning, herbs, and optional spices, adjusting the flavors to suit your taste.; Let the dish simmer or bake until all ingredients are tender and fully cooked."
Slow-Simmered Family Casserole Feast with Fire-Roasted Notes,"This dish is perfect for busy evenings when you want something flavorful but easy to prepare, featuring a blend of crispy textures and rich, layered flavors. It brings together traditional comfort food elements with subtle gourmet influences.",High-protein,ground beef: 1 cup; black beans: 1 cup; zucchini: 1 cup; aged cheddar: 1 cup; rigatoni pasta: 1 piece,"Wash and prepare all vegetables, cutting them into even-sized pieces for consistent cooking.; Heat a large pan over medium heat and drizzle with olive oil.; Add the aromatics (such as onion and garlic) and sauté until fragrant and translucent.; Incorporate the main ingredients and gently stir to combine everything well.; Add seasoning, herbs, and optional spices, adjusting the flavors to suit your taste.; Let the dish simmer or bake until all ingredients are tender and fully cooked.; Finish with fresh herbs, a squeeze of lemon, or a drizzle of sauce before serving.; Serve warm and enjoy as a standalone meal or alongside a simple side dish."
Fire-Roasted Savory Brunch Quiche with Hearty Notes,"This dish is a wholesome dish that leaves you satisfied without feeling heavy, featuring a blend of pan-seared textures and rich, layered flavors. It brings together traditional comfort food elements with subtle gourmet influences.",High-protein,brown rice: 1 cup; ground beef: 2 tbsp; tomato: 200g; sweet corn: 1 tbsp; brown rice: 200g; mushrooms: 200g; garlic cloves: 2 pieces,"Wash and prepare all vegetables, cutting them into even-sized pieces for consistent cooking.; Heat a large pan over medium heat and drizzle with olive oil.; Add the aromatics (such as onion and garlic) and sauté until fragrant and translucent.; Incorporate the main ingredients and gently stir to combine everything well.; Add seasoning, herbs, and optional spices, adjusting the flavors to suit your taste.; Let the dish simmer or bake until all ingredients are tender and fully cooked."
Fragrant Autumn Root Veg Gratin with Crispy Notes,"This dish is ideal for meal-prepping or quick lunches throughout the week, featuring a blend of caramelized textures and rich, layered flavors. It brings together traditional comfort food elements with subtle gourmet influences.",Dessert; Vegetarian; Gluten-free,lentils: 2 pieces; zucchini: 2 tbsp; pork loin: 2 pieces; brown rice: 1 tbsp; zucchini: 1 tbsp; aged cheddar: 2 pieces; lentils: ½ cup,"Wash and prepare all vegetables, cutting them into even-sized pieces for consistent cooking.; Heat a large pan over medium heat and drizzle with olive oil.; Add the aromatics (such as onion and garlic) and sauté until fragrant and translucent.; Incorporate the main ingredients and gently stir to combine everything well.; Add seasoning, herbs, and optional spices, adjusting the flavors to suit your taste.; Let the dish simmer or bake until all ingredients are tender and fully cooked."
Velvety Savory Brunch Quiche with Fire-Roasted Notes,"This dish is slow-cooked to bring out deep, rich flavors, featuring a blend of hearty textures and rich, layered flavors. It brings together traditional comfort food elements with subtle gourmet influences.",Vegan; Dinner; Dessert,mushrooms: 2 tbsp; black beans: 100g; aged cheddar: ½ cup; salmon fillet: 100g; black beans: 1 cup; lentils: 2 pieces,"Wash and prepare all vegetables, cutting them into even-sized pieces for consistent cooking.; Heat a large pan over medium heat and drizzle with olive oil.; Add the aromatics (such as onion and garlic) and sauté until fragrant and translucent.; Incorporate the main ingredients and gently stir to combine everything well.; Add seasoning, herbs, and optional spices, adjusting the flavors to suit your taste.; Let the dish simmer or bake until all ingredients are tender and fully cooked."
Caramelized Mediterranean Wrap Platter with Fragrant Notes,"This dish is a wholesome dish that leaves you satisfied without feeling heavy, featuring a blend of creamy textures and rich, layered flavors. It brings together traditional comfort food elements with subtle gourmet influences.",Dessert,salmon fillet: 100g; pork loin: 1 cup; aged cheddar: 2 tbsp; fresh basil: 1 tbsp; carrots: 200g,"Wash and prepare all vegetables, cutting them into even-sized pieces for consistent cooking.; Heat a large pan over medium heat and drizzle with olive oil.; Add the aromatics (such as onion and garlic) and sauté until fragrant and translucent.; Incorporate the main ingredients and gently stir to combine everything well.; Add seasoning, herbs, and optional spices, adjusting the flavors to suit your taste.; Let the dish simmer or bake until all ingredients are tender and fully cooked.; Finish with fresh herbs, a squeeze of lemon, or a drizzle of sauce before serving.; Serve warm and enjoy as a standalone meal or alongside a simple side dish."
Crispy Harvest Vegetable Soup with Crispy Notes,"This dish is perfect for busy evenings when you want something flavorful but easy to prepare, featuring a blend of fire-roasted textures and rich, layered flavors. It brings together traditional comfort food elements with subtle gourmet influences.",Snack; Low-carb,garlic cloves: 2 tbsp; pork loin: 100g; aged cheddar: 1 piece; chicken breast: 2 tbsp; ground beef: ½ cup; ground beef: 150g; mushrooms: 2 pieces,"Wash and prepare all vegetables, cutting them into even-sized pieces for consistent cooking.; Heat a large pan over medium heat and drizzle with olive oil.; Add the aromatics (such as onion and garlic) and sauté until fragrant and translucent.; Incorporate the main ingredients and gently stir to combine everything well.; Add seasoning, herbs, and optional spices, adjusting the flavors to suit your taste.; Let the dish simmer or bake until all ingredients are tender and fully cooked."
Aromatic Coconut Curry Delight with Fire-Roasted Notes,"This dish is packed with seasonal ingredients that bring warmth and comfort, featuring a blend of aromatic textures and rich, layered flavors. It brings together traditional comfort food elements with subtle gourmet influences.",Dinner; Vegetarian,brown rice: 1 tbsp; salmon fillet: 150g; carrots: ½ cup; russet potatoes: ½ cup; salmon fillet: 1 tbsp; chicken breast: 1 piece,"Wash and prepare all vegetables, cutting them into even-sized pieces for consistent cooking.; Heat a large pan over medium heat and drizzle with olive oil.; Add the aromatics (such as onion and garlic) and sauté until fragrant and translucent.; Incorporate the main ingredients and gently stir to combine everything well.; Add seasoning, herbs, and optional spices, adjusting the flavors to suit your taste.; Let the dish simmer or bake until all ingredients are tender and fully cooked."
Slow-Simmered Nourish-Me Superfood Bowl with Zesty Notes,"This dish is balanced with fresh herbs and aromatic spices, featuring a blend of velvety textures and rich, layered flavors. It brings together traditional comfort food elements with subtle gourmet influences.",High-protein; Low-carb; Breakfast,rigatoni pasta: 200g; pork loin: 150g; brown rice: 1 tbsp; spinach leaves: 150g; carrots: 150g; lentils: 1 piece,"Wash and prepare all vegetables, cutting them into even-sized pieces for consistent cooking.; Heat a large pan over medium heat and drizzle with olive oil.; Add the aromatics (such as onion and garlic) and sauté until fragrant and translucent.; Incorporate the main ingredients and gently stir to combine everything well.; Add seasoning, herbs, and optional spices, adjusting the flavors to suit your taste.; Let the dish simmer or bake until all ingredients are tender and fully cooked."
Slow-Simmered Seaside Paella with Fire-Roasted Notes,"This dish is great for sharing with friends or family gatherings, featuring a blend of aromatic textures and rich, layered flavors. It brings together traditional comfort food elements with subtle gourmet influences.",Lunch,chicken breast: 1 piece; brown rice: 1 tbsp; chicken breast: 2 pieces; tomato: 100g; garlic cloves: 1 cup,"Wash and prepare all vegetables, cutting them into even-sized pieces for consistent cooking.; Heat a large pan over medium heat and drizzle with olive oil.; Add the aromatics (such as onion and garlic) and sauté until fragrant and translucent.; Incorporate the main ingredients and gently stir to combine everything well.; Add seasoning, herbs, and optional spices, adjusting the flavors to suit your taste.; Let the dish simmer or bake until all ingredients are tender and fully cooked."
Homestyle Savory Brunch Quiche with Crispy Notes,"This dish is balanced with fresh herbs and aromatic spices, featuring a blend of garden-fresh textures and rich, layered flavors. It brings together traditional comfort food elements with subtle gourmet influences.",Breakfast; Vegan,ground beef: 100g; aged cheddar: 200g; spinach leaves: 1 cup; black beans: 100g; pork loin: 2 tbsp,"Wash and prepare all vegetables, cutting them into even-sized pieces for consistent cooking.; Heat a large pan over medium heat and drizzle with olive oil.; Add the aromatics (such as onion and garlic) and sauté until fragrant and translucent.; Incorporate the main ingredients and gently stir to combine everything well.; Add seasoning, herbs, and optional spices, adjusting the flavors to suit your taste.; Let the dish simmer or bake until all ingredients are tender and fully cooked.; Finish with fresh herbs, a squeeze of lemon, or a drizzle of sauce before serving."
Slow-Simmered Harvest Vegetable Soup with Fire-Roasted Notes,"This dish is perfect for busy evenings when you want something flavorful but easy to prepare, featuring a blend of zesty textures and rich, layered flavors. It brings together traditional comfort food elements with subtle gourmet influences.",Vegan; Snack,lentils: 1 tbsp; sweet corn: 2 pieces; carrots: 2 tbsp; salmon fillet: 1 piece; zucchini: 1 tbsp; garlic cloves: 200g; brown rice: ½ cup,"Wash and prepare all vegetables, cutting them into even-sized pieces for consistent cooking.; Heat a large pan over medium heat and drizzle with olive oil.; Add the aromatics (such as onion and garlic) and sauté until fragrant and translucent.; Incorporate the main ingredients and gently stir to combine everything well.; Add seasoning, herbs, and optional spices, adjusting the flavors to suit your taste.; Let the dish simmer or bake until all ingredients are tender and fully cooked."
Homestyle Street-Style Tacos with Hearty Notes,"This dish is ideal for meal-prepping or quick lunches throughout the week, featuring a blend of slow-simmered textures and rich, layered flavors. It brings together traditional comfort food elements with subtle gourmet influences.",Vegan; Dessert,salmon fillet: 100g; rigatoni pasta: 1 cup; zucchini: 150g; red pepper: 1 piece; salmon fillet: 2 pieces; sweet corn: 2 tbsp,"Wash and prepare all vegetables, cutting them into even-sized pieces for consistent cooking.; Heat a large pan over medium heat and drizzle with olive oil.; Add the aromatics (such as onion and garlic) and sauté until fragrant and translucent.; Incorporate the main ingredients and gently stir to combine everything well.; Add seasoning, herbs, and optional spices, adjusting the flavors to suit your taste.; Let the dish simmer or bake until all ingredients are tender and fully cooked."
Fragrant Savory Brunch Quiche with Aromatic Notes,"This dish is a wholesome dish that leaves you satisfied without feeling heavy, featuring a blend of oven-baked textures and rich, layered flavors. It brings together traditional comfort food elements with subtle gourmet influences.",High-protein; Gluten-free; Breakfast,yellow onion: 200g; russet potatoes: 150g; salmon fillet: 2 tbsp; yellow onion: ½ cup; tomato: ½ cup; mushrooms: 2 tbsp; aged cheddar: ½ cup,"Wash and prepare all vegetables, cutting them into even-sized pieces for consistent cooking.; Heat a large pan over medium heat and drizzle with olive oil.; Add the aromatics (such as onion and garlic) and sauté until fragrant and translucent.; Incorporate the main ingredients and gently stir to combine everything well.; Add seasoning, herbs, and optional spices, adjusting the flavors to suit your taste.; Let the dish simmer or bake until all ingredients are tender and fully cooked.; Finish with fresh herbs, a squeeze of lemon, or a drizzle of sauce before serving."
Oven-Baked Heritage Grain Burger with Golden Notes,"This dish is great for sharing with friends or family gatherings, featuring a blend of creamy textures and rich, layered flavors. It brings together traditional comfort food elements with subtle gourmet influences.",Vegetarian; Snack,red pepper: 150g; spinach leaves: 2 pieces; fresh basil: 200g; spinach leaves: 200g; salmon fillet: 200g; brown rice: 2 tbsp; zucchini: 2 tbsp,"Wash and prepare all vegetables, cutting them into even-sized pieces for consistent cooking.; Heat a large pan over medium heat and drizzle with olive oil.; Add the aromatics (such as onion and garlic) and sauté until fragrant and translucent.; Incorporate the main ingredients and gently stir to combine everything well.; Add seasoning, herbs, and optional spices, adjusting the flavors to suit your taste.; Let the dish simmer or bake until all ingredients are tender and fully cooked."
Hearty Nourish-Me Superfood Bowl with Caramelized Notes,"This dish is packed with seasonal ingredients that bring warmth and comfort, featuring a blend of crispy textures and rich, layered flavors. It brings together traditional comfort food elements with subtle gourmet influences.",Lunch; High-protein; Snack,red pepper: 2 tbsp; russet potatoes: 1 cup; lentils: 2 pieces; lentils: 1 tbsp; brown rice: 150g; yellow onion: 1 cup; salmon fillet: 2 pieces,"Wash and prepare all vegetables, cutting them into even-sized pieces for consistent cooking.; Heat a large pan over medium heat and drizzle with olive oil.; Add the aromatics (such as onion and garlic) and sauté until fragrant and translucent.; Incorporate the main ingredients and gently stir to combine everything well.; Add seasoning, herbs, and optional spices, adjusting the flavors to suit your taste.; Let the dish simmer or bake until all ingredients are tender and fully cooked.; Finish with fresh herbs, a squeeze of lemon, or a drizzle of sauce before serving.; Serve warm and enjoy as a standalone meal or alongside a simple side dish."
Caramelized Pasta Bake with Hearty Notes,"This dish is great for sharing with friends or family gatherings, featuring a blend of homestyle textures and rich, layered flavors. It brings together traditional comfort food elements with subtle gourmet influences.",Vegetarian; Dinner; High-protein,pork loin: ½ cup; black beans: 2 tbsp; garlic cloves: 1 tbsp; black beans: 1 cup; garlic cloves: 1 cup; carrots: 2 pieces,"Wash and prepare all vegetables, cutting them into even-sized pieces for consistent cooking.; Heat a large pan over medium heat and drizzle with olive oil.; Add the aromatics (such as onion and garlic) and sauté until fragrant and translucent.; Incorporate the main ingredients and gently stir to combine everything well.; Add seasoning, herbs, and optional spices, adjusting the flavors to suit your taste.; Let the dish simmer or bake until all ingredients are tender and fully cooked."
Crispy Mediterranean Wrap Platter with Zesty Notes,"This dish is balanced with fresh herbs and aromatic spices, featuring a blend of zesty textures and rich, layered flavors. It brings together traditional comfort food elements with subtle gourmet influences.",Breakfast; High-protein; Lunch,tomato: 1 cup; ground beef: 2 pieces; rigatoni pasta: 2 pieces; brown rice: 150g; brown rice: 1 tbsp,"Wash and prepare all vegetables, cutting them into even-sized pieces for consistent cooking.; Heat a large pan over medium heat and drizzle with olive oil.; Add the aromatics (such as onion and garlic) and sauté until fragrant and translucent.; Incorporate the main ingredients and gently stir to combine everything well.; Add seasoning, herbs, and optional spices, adjusting the flavors to suit your taste.; Let the dish simmer or bake until all ingredients are tender and fully cooked."
Caramelized Slow-Cooked Chili Bowl with Hearty Notes,"This dish is great for sharing with friends or family gatherings, featuring a blend of garden-fresh textures and rich, layered flavors. It brings together traditional comfort food elements with subtle gourmet influences.",High-protein; Low-carb; Lunch,fresh basil: ½ cup; rigatoni pasta: ½ cup; salmon fillet: 100g; brown rice: 1 piece; black beans: 1 cup,"Wash and prepare all vegetables, cutting them into even-sized pieces for consistent cooking.; Heat a large pan over medium heat and drizzle with olive oil.; Add the aromatics (such as onion and garlic) and sauté until fragrant and translucent.; Incorporate the main ingredients and gently stir to combine everything well.; Add seasoning, herbs, and optional spices, adjusting the flavors to suit your taste.; Let the dish simmer or bake until all ingredients are tender and fully cooked.; Finish with fresh herbs, a squeeze of lemon, or a drizzle of sauce before serving.; Serve warm and enjoy as a standalone meal or alongside a simple side dish."
Fire-Roasted Coconut Curry Delight with Zesty Notes,"This dish is balanced with fresh herbs and aromatic spices, featuring a blend of slow-simmered textures and rich, layered flavors. It brings together traditional comfort food elements with subtle gourmet influences.",Low-carb; Vegan,ground beef: 1 piece; yellow onion: 1 piece; aged cheddar: 100g; spinach leaves: 1 tbsp; rigatoni pasta: 150g,"Wash and prepare all vegetables, cutting them into even-sized pieces for consistent cooking.; Heat a large pan over medium heat and drizzle with olive oil.; Add the aromatics (such as onion and garlic) and sauté until fragrant and translucent.; Incorporate the main ingredients and gently stir to combine everything well.; Add seasoning, herbs, and optional spices, adjusting the flavors to suit your taste.; Let the dish simmer or bake until all ingredients are tender and fully cooked."
Zesty Ginger Stir-Fry Fusion with Zesty Notes,"This dish is great for sharing with friends or family gatherings, featuring a blend of caramelized textures and rich, layered flavors. It brings together traditional comfort food elements with subtle gourmet influences.",Lunch; Breakfast,tomato: 1 cup; brown rice: 150g; pork loin: 2 pieces; sweet corn: 150g; rigatoni pasta: 150g; ground beef: 1 cup,"Wash and prepare all vegetables, cutting them into even-sized pieces for consistent cooking.; Heat a large pan over medium heat and drizzle with olive oil.; Add the aromatics (such as onion and garlic) and sauté until fragrant and translucent.; Incorporate the main ingredients and gently stir to combine everything well.; Add seasoning, herbs, and optional spices, adjusting the flavors to suit your taste.; Let the dish simmer or bake until all ingredients are tender and fully cooked."
Creamy Heritage Grain Burger with Aromatic Notes,"This dish is ideal for meal-prepping or quick lunches throughout the week, featuring a blend of oven-baked textures and rich, layered flavors. It brings together traditional comfort food elements with subtle gourmet influences.",Vegan,red pepper: 1 cup; ground beef: 1 cup; russet potatoes: 1 tbsp; carrots: 200g; russet potatoes: 150g; salmon fillet: 100g,"Wash and prepare all vegetables, cutting them into even-sized pieces for consistent cooking.; Heat a large pan over medium heat and drizzle with olive oil.; Add the aromatics (such as onion and garlic) and sauté until fragrant and translucent.; Incorporate the main ingredients and gently stir to combine everything well.; Add seasoning, herbs, and optional spices, adjusting the flavors to suit your taste.; Let the dish simmer or bake until all ingredients are tender and fully cooked."
